nombre,sigma_-0.0495,sigma_-0.0485,sigma_-0.0475,sigma_-0.0465,sigma_-0.0455,sigma_-0.0445,sigma_-0.0435,sigma_-0.0425,sigma_-0.0415,sigma_-0.0405,sigma_-0.0395,sigma_-0.0385,sigma_-0.0375,sigma_-0.0365,sigma_-0.0355,sigma_-0.0345,sigma_-0.0335,sigma_-0.0325,sigma_-0.0315,sigma_-0.0305,sigma_-0.0295,sigma_-0.0285,sigma_-0.0275,sigma_-0.0265,sigma_-0.0255,sigma_-0.0245,sigma_-0.0235,sigma_-0.0225,sigma_-0.0215,sigma_-0.0205,sigma_-0.0195,sigma_-0.0185,sigma_-0.0175,sigma_-0.0165,sigma_-0.0155,sigma_-0.0145,sigma_-0.0135,sigma_-0.0125,sigma_-0.0115,sigma_-0.0105,sigma_-0.0095,sigma_-0.0085,sigma_-0.0075,sigma_-0.0065,sigma_-0.0055,sigma_-0.0045,sigma_-0.0035,sigma_-0.0025,sigma_-0.0015,sigma_-0.0005,sigma_0.0005,sigma_0.0015,sigma_0.0025,sigma_0.0035,sigma_0.0045,sigma_0.0055,sigma_0.0065,sigma_0.0075,sigma_0.0085,sigma_0.0095,sigma_0.0105,sigma_0.0115,sigma_0.0125,sigma_0.0135,sigma_0.0145,sigma_0.0155,sigma_0.0165,sigma_0.0175,sigma_0.0185,sigma_0.0195,sigma_0.0205,sigma_0.0215,sigma_0.0225,sigma_0.0235,sigma_0.0245,sigma_0.0255,sigma_0.0265,sigma_0.0275,sigma_0.0285,sigma_0.0295,sigma_0.0305,sigma_0.0315,sigma_0.0325,sigma_0.0335,sigma_0.0345,sigma_0.0355,sigma_0.0365,sigma_0.0375,sigma_0.0385,sigma_0.0395,sigma_0.0405,sigma_0.0415,sigma_0.0425,sigma_0.0435,sigma_0.0445,sigma_0.0455,sigma_0.0465,sigma_0.0475,sigma_0.0485,sigma_0.0495
2-(2-Aminoethoxy)ethanol,0.0,0.0,0.0,0.0,0.0,0.0,0.0,0.0,0.0,0.0,0.0,0.0,0.0,0.0,0.0,0.0,0.0,0.0,0.0,0.0,0.0,0.0,0.0,0.0,0.0,0.005481,0.0,0.0,0.0,0.0,0.0,0.008807,0.0,0.0,0.0,0.0,0.0,0.0,0.0,0.0,0.0,0.0,0.0,0.0,0.0,0.0,0.0,0.0,0.0,0.0,0.006943,0.0,0.00672,0.0,0.0,0.00519,0.0,0.0,0.0,0.0,0.0,0.0,0.0,0.0,0.0,0.0,0.0,0.0,0.0,0.005939,0.0,0.0,0.0,0.0,0.0,0.0,0.0,0.0,0.0,0.0,0.0,0.000765,0.0,0.0,0.0,0.0,0.0,0.0,0.0,0.006394,0.0,0.0,0.0,0.0,0.0,0.0,0.0,0.0,0.0,0.0
2-Aminoethanol,0.0,0.0,0.0,0.0,0.0,0.0,0.0,0.0,0.0,0.0,0.0,0.0,0.0,0.0,0.0,0.0,0.0,0.0,0.0,0.0,0.0,0.0,0.0,0.0,0.0,0.0,0.0,0.0,0.0,0.0,0.0,0.0,0.0,0.0,0.0,0.0,0.0,0.0,0.0,0.0,0.0,0.0,0.0,0.0,0.0,0.0,0.005604,0.0,0.0,0.0,0.0,0.0,0.0,0.0,0.0,0.002297,0.0,0.0,0.0,0.0,0.0,0.0,0.0,0.007559,0.0,0.008808,0.0,0.0,0.0,0.0,0.0,0.0,0.0,0.0,0.0,0.0,0.0,0.0,0.0,0.0,0.0,0.0,0.0,0.0,0.0,0.0,0.0,0.0,0.0,0.0,0.0,0.0,0.0,0.0,0.0,0.0,0.0,0.0,0.0,0.0
22-Iminodiethanol,0.0,0.0,0.0,0.0,0.0,0.0,0.0,0.0,0.0,0.0,0.0,0.0,0.0,0.001524,0.0,0.0,0.0,0.0,0.0,0.0,0.0,0.0,0.0,0.0,0.0,0.0,0.0,0.0,0.0,0.0,0.0,0.0,0.004886,0.0,0.0,0.0,0.004531,0.0,0.0,0.0,0.0,0.0,0.0,0.0,0.0,0.0,0.0,0.003554,0.0,0.0,0.0,0.0,0.0,0.004738,0.0,0.0,0.0,0.004749,0.0,0.0,0.0,0.0,0.0,0.0,0.0,0.0,0.0,0.0,0.0,0.0,0.0,0.0,0.0,0.0,0.0,0.0,0.0,0.0,0.0,0.0,0.0,0.0,0.0,0.0,0.0,0.0,0.0,0.0,0.0,0.0,0.0,0.0,0.0,0.0,0.0,0.0,0.0,0.0,0.0,0.0
4-Aminobenzoic_acid,0.0,0.0,0.0,0.0,0.0,0.0,0.0,0.0,0.0,0.0,0.0,0.004255,0.0,0.0,0.0,0.0,0.0,0.0,0.0,0.0,0.0,0.0,0.004219,0.0,0.0,0.0,0.0,0.0,0.0,0.0,0.0,0.004113,0.0,0.0,0.001855,0.0,0.0,0.0,0.003355,0.0,0.0,0.0,0.0,0.0,0.0,0.0,0.001278,0.0,0.0,0.0,0.0,0.0,0.0,0.0,0.0,0.0,0.0,0.0,0.0,0.0,0.0,0.0,0.0,0.0,0.0,0.0,0.0,0.0,0.0,0.002812,0.0,0.0,0.0,0.0,0.0,0.00387,0.0,0.0,0.0,0.0,0.0,0.004207,0.0,0.0,0.0,0.0,0.0,0.0041,0.0,0.0,0.0,0.0,0.0,0.0,0.0,0.0,0.004349,0.0,0.0,0.0
5-Fluorouracil,0.0,0.0,0.0,0.0,0.0,0.0,0.0,0.0,0.0,0.0,0.0,0.0,0.0,0.0,0.0,0.0,0.0,0.0,0.0,0.0,0.0,0.0,0.0,0.0,0.004772,0.0,0.0,0.0,0.005433,0.0,0.0,0.0,0.0,0.0,0.0,0.0,0.0,0.0,0.0,0.0,0.0,0.0,0.0,0.0,0.0,0.0,0.009825,0.0,0.0,0.0,0.0,0.0,0.005188,0.0,0.0,0.0,0.0,0.0,0.0,0.0,0.0,0.0,0.0,0.0,0.0,0.0,0.0,0.005781,0.0,0.0,0.0,0.0,0.0,0.0,0.0,0.0,0.0,0.0,0.0,0.0,0.0,0.0,0.0,0.0,0.0,0.0,0.0,0.0,0.0,0.0,0.0,0.0,0.0,0.0,0.0,0.0,0.0,0.0,0.005642,0.0
6-Hydroxyhexanoic_acid,0.00559,0.0,0.0,0.0,0.0,0.0,0.0,0.0,0.0,0.0,0.005923,0.0,0.0,0.0,0.0,0.0,0.0,0.0,0.0,0.0,0.0,0.0,0.0,0.0,0.0,0.0,0.0,0.0,0.0,0.0,0.0,0.002215,0.0,0.0,0.0,0.0,0.0,0.0,0.0,0.0,0.005368,0.0,0.0,0.0,0.0,0.0,0.0,0.0,0.0,0.0,0.0,0.0,0.0,0.0,0.0,0.0,0.0,0.0,0.0,0.0,0.0,0.0,0.0,0.0,0.0,0.005662,0.0,0.0,0.0,0.0,0.0,0.0,0.0,0.0,0.0,0.006236,0.0,0.0,0.0,0.0,0.0,0.0,0.0,0.0,0.0,0.0,0.0,0.0,0.0,0.0,0.0,0.0,0.0,0.0,0.0,0.0,0.0,0.0,0.0,0.0
Acrylic_acid,0.0,0.00761,0.0,0.0,0.0,0.0,0.011461,0.0,0.0,0.0,0.0,0.0,0.0,0.0,0.0,0.0,0.0,0.0,0.0,0.0,0.0,0.0,0.0,0.0,0.0,0.0,0.0,0.007017,0.0,0.0,0.0,0.0,0.0,0.0,0.0,0.0,0.0,0.0,0.0,0.0,0.0,0.0,0.011975,0.0,0.0,0.0,0.008707,0.0,0.0,0.0,0.0,0.0,0.011132,0.0,0.0,0.0,0.0,0.0,0.0,0.0,0.0,0.0,0.0,0.0,0.0,0.0,0.0,0.0,0.0,0.0,0.0,0.0,0.0,0.0,0.0,0.0,0.0,0.0,0.0,0.0,0.0,0.0,0.0,0.0,0.0,0.0,0.0,0.0,0.0,0.0,0.0,0.0,0.0,0.0,0.0,0.0,0.0,0.0,0.0,0.0
Adipic_acid,0.0,0.0,0.0,0.0,0.0,0.0,0.0,0.003775,0.0,0.0,0.0,0.0,0.0,0.0,0.0,0.0,0.0,0.0,0.0,0.0,0.0,0.0,0.0,0.0,0.0,0.0,0.00379,0.0,0.0,0.003622,0.0,0.0,0.0,0.002999,0.0,0.0,0.0,0.0,0.0,0.0,0.0,0.0,0.0,0.0,0.0,0.0,0.0,0.0,0.0,0.0,0.0,0.0,0.0,0.003669,0.0,0.0,0.0,0.0,0.0,0.0,0.003656,0.0,0.0,0.0,0.004354,0.0,0.0,0.0,0.0,0.0,0.0,0.0,0.0,0.002225,0.0,0.0,0.0,0.0,0.0,0.0,0.0,0.003923,0.0,0.0,0.0,0.0,0.00385,0.0,0.0,0.0,0.0,0.00262,0.0,0.0,0.0,0.0,0.0,0.0,0.0,0.0
Ammonia,0.0,0.0,0.0,0.0,0.0,0.0,0.0,0.0,0.0,0.0,0.0,0.0,0.0,0.0,0.0,0.0,0.0,0.0,0.0,0.0,0.0,0.0,0.0,0.0,0.0,0.019426,0.0,0.0,0.0,0.0,0.0,0.0,0.0,0.0,0.0,0.0,0.0,0.0,0.0,0.0,0.0,0.0,0.013038,0.0,0.0,0.027636,0.0,0.0,0.0,0.0,0.0,0.0,0.0,0.0,0.0,0.0,0.0,0.0,0.0,0.0,0.0,0.0,0.0,0.0,0.0,0.0,0.0,0.0,0.0,0.0,0.0,0.0,0.0,0.0,0.0,0.0,0.0,0.0,0.0,0.0,0.0,0.0,0.0,0.0,0.0,0.0,0.0,0.0,0.0,0.0,0.0,0.0,0.0,0.0,0.0,0.0,0.0,0.0,0.0,0.0
Arginine,0.0,0.0,0.0,0.0,0.0,0.0,0.0,0.0,0.0,0.0,0.0,0.0,0.0,0.0,0.0,0.0,0.0,0.0,0.003892,0.0,0.0,0.0,0.002411,0.0,0.0,0.0,0.0,0.0,0.0,0.0,0.0,0.0,0.0,0.000796,0.007108,0.0,0.0,0.0,0.0,0.0,0.0,0.0,0.0,0.0,0.0,0.0,0.00408,0.0,0.0,0.0,0.0,0.0,0.0,0.0,0.0,0.0,0.003375,0.0,0.0,0.0,0.0,0.0,0.0,0.0,0.0,0.0,0.0,0.0,0.0,0.0,0.002376,0.0,0.0,0.0,0.0,0.0,0.0,0.0,0.0,0.0,0.0,0.0,0.0,0.0,0.003079,0.0,0.0,0.0,0.0,0.0,0.0,0.002563,0.0,0.006028,0.0,0.0,0.0,0.0,0.0,0.0
Arginylglycylaspartic_acid,0.002011,0.0,0.002102,0.0,0.0,0.0,0.0,0.0,0.0,0.0,0.0,0.0,0.0,0.0,0.0,0.002019,0.00029,0.0,0.0,0.0,0.0,0.000254,0.002301,0.001701,0.001906,0.0,0.0,0.003564,0.002285,0.0,0.0,0.001088,0.003297,0.0,0.0,0.0,0.0,0.0,0.0,0.001575,0.002147,0.002035,0.0,0.0,0.0,0.0,0.0,0.0,0.0,0.002342,0.00036,0.0,0.001191,0.0,0.0,0.002457,0.0,0.0,0.0,0.0,0.0,0.0,0.0,0.0,0.001966,0.0,0.0,0.002057,0.0,0.0,0.0,0.0,0.0,0.00208,0.002295,0.00197,0.001984,0.0,0.000378,0.001878,0.002006,0.0,0.0,0.0,0.0,0.0,0.0,0.0,0.001367,0.0,0.0,0.0,0.0,0.0,0.0,0.0,0.001946,0.002301,0.0,0.0
Asparagine,0.0,0.0,0.0,0.0,0.0,0.0,0.0,0.0,0.0,0.0,0.0,0.0,0.0,0.0,0.0,0.0,0.003123,0.006475,0.0,0.0,0.0,0.0,0.0,0.0,0.0,0.0,0.00596,0.0,0.0,0.0,0.006883,0.0,0.0,0.0,0.0,0.0,0.0,0.0,0.0,0.0,0.0,0.0,0.0,0.0,0.0,0.004668,0.0,0.0,0.0,0.0,0.0,0.0,0.006862,0.0,0.0,0.0,0.0,0.0,0.0,0.0,0.0,0.0,0.0,0.0,0.0,0.0,0.005594,0.0,0.0,0.0,0.0,0.0,0.006065,0.0,0.0,0.00661,0.0,0.0,0.0,0.0,0.0,0.0,0.0,0.0,0.00561,0.0,0.0,0.0,0.0,0.0,0.00554,0.0,0.0,0.0,0.0,0.0,0.0,0.006409,0.0,0.0
Aspartic_acid,0.0,0.0,0.0,0.0,0.0,0.0,0.0,0.0,0.0,0.0,0.0,0.0,0.0,0.0,0.0,0.0,0.0,0.0,0.0,0.0,0.0,0.009205,0.0,0.0,0.0,0.0,0.0,0.0,0.0,0.0,0.0,0.0,0.0,0.0,0.0,0.0,0.0,0.0,0.0,0.0,0.0,0.0,0.0,0.0,0.003944,0.0,0.0,0.0,0.0,0.0,0.0,0.0,0.0,0.0,0.0,0.005678,0.0,0.0,0.0,0.0,0.005719,0.0,0.0,0.0,0.0,0.0,0.0,0.0,0.0,0.0,0.006647,0.0,0.0,0.0,0.0,0.0,0.0,0.0,0.0,0.0,0.0,0.0,0.006788,0.0,0.0,0.0,0.0,0.0,0.0,0.0,0.0,0.0,0.0,0.0,0.0,0.0,0.0,0.0,0.0,0.0
Biotin,0.0,0.0,0.002705,0.00211,0.0,0.0,0.0,0.0,0.0,0.0,0.0,0.0,0.002498,0.0,0.0,0.0,0.0,0.0,0.0,0.0,0.0,0.0,0.0,0.0,0.0,0.0,0.001859,0.0,0.0,0.0,0.0,0.0,0.0,0.002441,0.0,0.0,0.0,0.0,0.002478,0.001889,0.0,0.0,0.0,0.0,0.002218,0.003008,0.0,0.00224,0.0,0.0,0.0,0.0,0.007015,0.0,0.0,0.0,0.0,0.008403,0.0,0.0,0.0,0.002372,0.0,0.0,0.0,0.0,0.0,0.0,0.0,0.0,0.003419,0.0,0.003542,0.0,0.0,0.0,0.0,0.0,0.0,0.0,0.0,0.0,0.0,0.0,0.0,0.0,0.0,0.0,0.0,0.0,0.0,0.0,0.0,0.0,0.001965,0.0,0.002043,0.0,0.0,0.003814
Bis(2-aminoethyl)_ether,0.0,0.005303,0.0,0.0,0.0,0.0,0.0,0.0,0.0,0.0,0.0,0.0,0.0,0.0,0.00507,0.0,0.0,0.0,0.0,0.0,0.004402,0.0,0.0,0.0,0.0,0.0,0.009035,0.0,0.0,0.0,0.005786,0.0,0.0,0.0,0.0,0.0,0.0,0.0,0.0,0.0,0.0,0.0,0.0,0.0,0.0,0.0,0.0,0.0,0.003813,0.0,0.0,0.0,0.0,0.0,0.0,0.0,0.0,0.0,0.0,0.0,0.0,0.0,0.0,0.0,0.0,0.0,0.0,0.003625,0.0,0.0,0.004796,0.0,0.0,0.0,0.0,0.0,0.0,0.0,0.0,0.0,0.0,0.0,0.003913,0.0,0.0,0.004377,0.0,0.002392,0.0,0.0,0.0,0.0,0.0,0.0,0.0,0.0,0.0,0.005747,0.0,0.010374
Chitobiose,0.005153,0.0,0.0,0.0,0.001881,0.0,0.002545,0.0,0.0,0.0,0.00271,0.0,0.0,0.0,0.0,0.0,0.0,0.0,0.0,0.0,0.0,0.0,0.0,0.0,0.0,0.0,0.0,0.0,0.0,0.0,0.0,0.0,0.0,0.0,0.0,0.0,0.0,0.003095,0.0,0.0,0.0,0.0,0.0,0.0,0.0,0.0,0.0,0.0,0.001235,0.0,0.0,0.0,0.0,0.002427,0.0,0.0,0.003292,0.0,0.003141,0.005288,0.0,0.003054,0.0,0.0,0.0,0.0,0.0,0.0,0.0,0.0,0.0,0.0,0.0,0.0,0.000967,0.00307,0.003001,0.0,0.0,0.0,0.0,0.0,0.0,0.0,0.0,0.0,0.0,0.0,0.0,0.003132,0.0,0.0,0.0,0.0,0.0,0.0,0.0,0.0,0.0,0.003268
Chitotriose,0.00449,0.0,0.0,0.0,0.003571,0.0,0.0,0.001683,0.0,0.0,0.0,0.002092,0.0,0.000537,0.0,0.002138,0.0,0.0,0.0,0.0,0.0,0.0,0.0,0.0,0.0,0.0,0.0,0.001899,0.002397,0.0,0.0,0.002351,0.0,0.0,0.001124,0.0,0.0,0.0,0.002161,0.0,0.0,0.0,0.0,0.0,0.0,0.0,0.0,0.0,0.0,0.0,0.0,0.0,0.0,0.002491,0.0,0.002312,0.002091,0.0,0.0,0.0,0.0,0.0,0.002293,0.0,0.0,0.0,0.0,0.002061,0.0,0.002331,0.0,0.002341,0.0,0.0,0.003559,0.0,0.0,0.0,0.0,0.0,0.0,0.002086,0.00206,0.0,0.0,0.0,0.0,0.0,0.0,0.0,0.0,0.000859,0.0,0.0,0.0,0.0,0.0,0.0,0.0,0.0
Chondroitin,0.0,0.001216,0.0,0.002751,0.0,0.0,0.0021,0.0,0.0,0.002698,0.0,0.0,0.0,0.0,0.0,0.0,0.0,0.0,0.0,0.0,0.0,0.0,0.001648,0.0,0.0,0.0,0.002693,0.0,0.0,0.0,0.0,0.0,0.0,0.002707,0.002512,0.0,0.0,0.0,0.002858,0.0,0.0,0.0,0.0,0.002696,0.0,0.0,0.0,0.001178,0.002893,0.0,0.0,0.0,0.0,0.0,0.0,0.0,0.002745,0.0,0.0,0.001642,0.0,0.0,0.0,0.0,0.0,0.002727,0.0,0.0,0.0,0.0,0.002537,0.005211,0.0,0.0,0.0,0.0,0.0,0.0,0.0,0.0,0.0,0.005019,0.0,0.0,0.0,0.0,0.0,0.0,0.0,0.002819,0.0,0.0,0.0,0.0,0.0,0.0,0.001554,0.0,0.0,0.0
Cisplatin,0.0,0.0,0.0,0.0,0.0,0.0,0.0,0.0,0.0,0.0,0.0,0.0,0.0,0.0,0.0,0.0,0.0,0.0,0.0,0.0,0.0,0.0,0.0,0.0,0.0,0.0,0.0,0.0,0.0,0.0,0.0,0.0,0.0,0.004519,0.0,0.0,0.0,0.0,0.0,0.0,0.0,0.0,0.0,0.0,0.0,0.0,0.0,0.0,0.0,0.0,0.005773,0.0,0.0,0.0,0.0,0.0,0.0,0.0,0.0,0.0,0.0,0.0,0.0,0.0,0.007849,0.0,0.0,0.0,0.006134,0.0,0.0,0.0,0.0,0.0,0.0,0.0,0.0,0.0,0.0,0.0,0.0,0.0,0.0,0.0,0.0,0.0,0.0,0.0,0.0,0.0,0.0,0.0,0.0,0.0,0.0,0.0,0.0,0.0,0.0,0.0
Curcumin,0.002469,0.0,0.0,0.001688,0.0,0.0,0.002649,0.0,0.0,0.001957,0.0,0.0,0.0,0.000788,0.002767,0.001778,0.000794,0.0,0.00274,0.0,0.0,0.0,0.0,0.0,0.0,0.0,0.0,0.001016,0.0,0.0,0.00284,0.0,0.0,0.002617,0.0,0.0,0.0,0.002705,0.0,0.00232,0.0,0.0,0.0,0.0,0.002769,0.0,0.0,0.00296,0.0,0.00276,0.0,0.0,0.0,0.003067,0.0,0.0,0.002838,0.0,0.0,0.0,0.0,0.0,0.0,0.0,0.0,0.0,0.0,0.0,0.002077,3.7e-05,0.003132,0.001503,0.0,0.002815,0.005897,0.0,0.002876,0.0,0.0,0.000715,0.0,0.0,0.0,0.000994,0.0,0.002373,0.0,0.0,0.0,0.0,0.0,0.002807,0.0,0.0,0.0,0.0,0.0,0.0,0.0,0.0
D-Galactose,0.0,0.0,0.0,0.0,0.0,0.0,0.0,0.0,0.0,0.0,0.0,0.0,0.003665,0.0,0.0,0.0,0.0,0.0,0.0,0.0,0.0,0.0,0.0,0.0,0.0,0.0,0.0,0.0,0.0,0.0,0.0,0.0,0.0,0.0,0.0,0.0,0.0,0.0,0.0,0.0,0.0,0.0,0.0,0.0,0.0,0.0,0.00304,0.0,0.0,0.0,0.0,0.0,0.0,0.0,0.0,0.0,0.0,0.0,0.004665,0.0,0.007292,0.0,0.0,0.0,0.0,0.0,0.0,0.0,0.0,0.0,0.0,0.0,0.0,0.0,0.0,0.0,0.0,0.0,0.0,0.0,0.0,0.003789,0.0,0.0,0.0,0.0,0.0,0.0,0.0,0.0,0.0,0.0,0.0,0.0,0.0,0.00555,0.0,0.0,0.0,0.0
D-Lactic_acid,0.0,0.0,0.0,0.0,0.0,0.0073,0.0,0.008949,0.0,0.004445,0.0,0.0,0.0,0.005861,0.0,0.0,0.0,0.0,0.0,0.0,0.0,0.0,0.0,0.0,0.006363,0.0,0.0,0.0,0.0,0.0,0.0,0.0,0.0,0.0,0.0,0.0,0.0,0.0,0.0,0.0,0.0,0.0,0.0,0.0,0.0,0.0,0.0,0.0,0.0,0.0,0.0,0.0,0.0,0.0,0.0,0.0,0.0,0.0,0.0,0.0,0.0,0.008617,0.0,0.0,0.0,0.0,0.0,0.0,0.0,0.0,0.0,0.0,0.0,0.0,0.0,0.0,0.0,0.0,0.0,0.0,0.0,0.0,0.0,0.0,0.0,0.0,0.0,0.0,0.0,0.0,0.0,0.0,0.0,0.0,0.006922,0.0,0.0,0.00914,0.0,0.0
D-Mannose,0.0,0.0,0.0,0.0,0.0,0.0,0.0,0.0,0.0,0.0,0.0,0.0,0.003665,0.0,0.0,0.0,0.0,0.0,0.0,0.0,0.0,0.0,0.0,0.0,0.0,0.0,0.0,0.0,0.0,0.0,0.0,0.0,0.0,0.0,0.0,0.0,0.0,0.0,0.0,0.0,0.0,0.0,0.0,0.0,0.0,0.0,0.00304,0.0,0.0,0.0,0.0,0.0,0.0,0.0,0.0,0.0,0.0,0.0,0.004665,0.0,0.007292,0.0,0.0,0.0,0.0,0.0,0.0,0.0,0.0,0.0,0.0,0.0,0.0,0.0,0.0,0.0,0.0,0.0,0.0,0.0,0.0,0.003789,0.0,0.0,0.0,0.0,0.0,0.0,0.0,0.0,0.0,0.0,0.0,0.0,0.0,0.00555,0.0,0.0,0.0,0.0
Dexamethasone,0.0043,0.0,0.002409,0.0,0.0,0.0,0.0,0.001695,0.0,0.0,0.0,0.0,0.0,0.0,0.0,0.00154,0.0,0.0,0.0,0.0,0.001329,0.0,0.0,0.0,0.0,0.0,0.0,0.0,0.0,0.0,0.0,0.0,0.0,0.002422,0.0,0.001554,0.0,0.0,0.0,0.0,0.0,0.0,0.001773,0.0,0.00179,0.001605,0.0,0.0,0.0,0.001401,0.0,0.0,0.0,0.0,0.0,0.001489,0.002513,0.0,0.0,0.001061,0.0,0.004538,0.0,0.0,0.0,0.002749,0.0,0.0,0.004459,0.0,0.0,0.002331,0.0,0.00213,0.0,0.0,0.0,0.0,0.00245,0.0,0.0,0.002585,0.0,0.0,0.0,0.0,0.003134,0.0,0.0,0.0,0.001681,0.001641,0.0,0.0,0.0,0.000649,0.0,0.002439,0.0,0.003359
Diethylenetriamine,0.0,0.0,0.0,0.0,0.0,0.0,0.0,0.0,0.0,0.0,0.006153,0.0,0.0,0.0,0.0,0.0,0.004409,0.0,0.0,0.0,0.0,0.0,0.0,0.0,0.0,0.0,0.0,0.0,0.0,0.0,0.0,0.004843,0.0,0.0,0.0,0.0,0.005252,0.004985,0.0,0.0,0.0,0.0,0.0,0.0,0.0,0.0,0.0,0.0,0.00441,0.0,0.0,0.0,0.0,0.0,0.004088,0.0,0.0,0.0,0.0,0.0,0.0,0.0,0.0,0.0,0.0,0.005115,0.004064,0.003296,0.0,0.0,0.0,0.0,0.0,0.0,0.0,0.0,0.0,0.0,0.0,0.005582,0.0,0.0,0.0,0.0,0.0,0.0,0.0,0.0,0.0,0.004937,0.0,0.0,0.004864,0.0,0.0,0.0,0.0,0.0,0.0,0.0
Diglycolic_acid,0.006461,0.0,0.0,0.0,0.0,0.0,0.0,0.0,0.0,0.0,0.0,0.0,0.0,0.004398,0.000307,0.0,0.0,0.0,0.0,0.0,0.0,0.0,0.0,0.0,0.0,0.0,0.0,0.0,0.0,0.0,0.0,0.0,0.0,0.0,0.0,0.0,0.0,0.0,0.0,0.0,0.0,0.0,0.0,0.0,0.0,0.0,0.0,0.0,0.0,0.0,0.0,0.0,0.0,0.0,0.0,0.0,0.0,0.0,0.0,0.0,0.0,0.0,0.0,0.0,0.0,0.0,0.0,0.0,0.0,0.0,0.0,0.0,0.0,0.0,0.0,0.0,0.004443,0.0,0.0,0.0,0.0,0.0,0.0,0.0,0.0,0.0,0.002469,0.0,0.0,0.0,0.0,0.0,0.005702,0.0,0.0,0.0,0.0,0.005462,0.0,0.0
Doxorubicin,0.0,0.0,0.0,0.000726,0.0,0.0,0.0,0.0,0.0,0.0,0.0,0.0,0.0,0.0,0.0,0.0,0.0,0.0,0.0,0.000661,0.0,0.0,0.0,0.000665,0.0,0.0,0.0,0.0,0.0,0.0,0.0,0.0,0.0,0.0,0.0,0.0,0.0,0.0,0.000405,0.0,0.0,0.0,0.0,0.0,0.000734,0.0,0.0,0.0,0.0,0.000154,0.0,0.0,0.0,0.0,0.0,0.0,0.001441,0.0,0.000603,0.0,0.0,0.0,0.0,0.0,0.0,0.000711,0.0,0.0,0.0,0.000755,0.0,0.0,0.0,0.000658,4.3e-05,0.0,0.0,0.000299,0.0,0.0,0.0,0.0,0.00041,0.0,0.0,0.0,0.0,0.0,0.0,0.0,0.0,0.0,0.0,0.0,0.0,0.0,0.0,0.000743,0.0,0.0
Ethyl_acrylate,0.0,0.0,0.0,0.0,0.0,0.0,0.0,0.0,0.0,0.0,0.0,0.0,0.0,0.0,0.0,0.0,0.0,0.0,0.0,0.0,0.0,0.0,0.0,0.0,0.0,0.0,0.0,0.0,0.0,0.0,0.0,0.0,0.0,0.0,0.0,0.0,0.0,0.0,0.0,0.006307,0.0,0.0,0.0,0.0,0.0,0.0,0.0,0.0,0.0,0.0,0.0,0.0,0.0,0.0,0.006838,0.0,0.0,0.0,0.0,0.0,0.0,0.0,0.0,0.0,0.0,0.0,0.0,0.0,0.0,0.0,0.0,0.0,0.0,0.0,0.0,0.004362,0.0,0.0,0.007231,0.0,0.0,0.0,0.0,0.0,0.0,0.005309,0.0,0.0,0.0,0.0,0.005224,0.0,0.006264,0.0,0.0,0.0,0.0,0.0,0.00751,0.006967
Ethylenediamine,0.0,0.0,0.0,0.0,0.0,0.0,0.0,0.0,0.0,0.0,0.0,0.0,0.008318,0.0,0.0,0.0,0.0,0.0,0.0,0.0,0.0,0.0,0.0,0.0,0.0,0.0,0.0,0.0,0.0,0.0,0.0,0.0,0.0,0.0,0.0,0.0,0.0,0.014488,0.0,0.0,0.0,0.0,0.0,0.0,0.0,0.001809,0.0,0.0,0.0,0.0,0.0,0.0,0.0,0.0,0.0,0.0,0.008984,0.0,0.0,0.0,0.0,0.0,0.0,0.0,0.0,0.0,0.0,0.0,0.0,0.0,0.0,0.0,0.0,0.007847,0.0,0.0,0.0,0.00505,0.0,0.0,0.0,0.0,0.0,0.0,0.0,0.0,0.0,0.0,0.0,0.0,0.0,0.0,0.0,0.008299,0.0,0.0,0.0,0.0,0.0,0.0
Folic_acid,0.001052,0.0,0.001955,0.0,0.0,0.0,0.0,0.0,0.0,0.0,0.0,0.0,0.0,0.0,0.001521,7.3e-05,0.0,0.0,0.0,0.0,0.0,0.0,0.0,0.001723,0.0,0.0,0.001257,0.0,0.0,0.0,0.0,0.0,0.0,0.0,0.0,0.0,0.0,0.0,0.0,0.0,0.00414,0.0,0.0,0.0,0.0,0.0,0.0,0.0,0.0,0.000848,0.0,0.0,0.0,0.0,0.0,0.0,0.0,0.002258,0.0,0.0,0.0,0.0,0.0,0.0,0.0,0.0,0.0,0.0,0.001058,0.001918,0.000709,0.004176,0.0,0.0,0.0,0.000549,0.0,0.0,0.001802,0.0,0.000561,0.0,0.0,0.0,0.0,0.0,0.0,0.0,0.0,0.0,0.0,0.0,0.0,0.0,0.0,0.004138,0.0,0.0,0.0,0.0
Gemcitabine,0.0,0.0,0.003395,0.0,0.0,0.0,0.0,0.0,0.0,0.002555,0.0,0.0,0.0,0.0,0.001738,0.0,0.0,0.0,0.001533,0.0,0.0,0.0,0.0,0.0,0.0,0.0,0.002952,0.003573,0.0,0.001538,0.001435,0.0,0.0,0.0,0.0,0.0,0.0,0.0,0.0,0.0,0.003825,0.0,0.0,0.0,0.0,0.0,0.0,0.0,0.0,0.0,0.0,0.0,0.0,0.00382,0.0,0.0,0.0,0.0,0.001857,0.0,0.0,0.0,0.0,0.0,0.0,0.0,0.0,0.0,0.0,0.0,0.0,0.00373,0.0,0.0,0.003355,0.0,0.0,0.0,0.0,0.007218,0.0,0.0,0.0,0.0,0.0,0.0,0.0,0.0,0.0,0.0,0.0,0.0,0.0,0.0,0.0,0.003591,0.0,0.0,0.0,0.0
Glucosamine-6-sulfate,0.005761,0.004498,0.003889,0.0,0.002786,0.0,0.0,0.00288,0.0,0.0,0.0,0.0,0.0,0.0,0.0,0.0,0.0,0.0,0.0,0.0,0.0,0.002531,0.0,0.00303,0.0,0.0,0.0,0.0,0.0,0.0,0.0,0.0,0.0,0.0,0.004592,0.0,0.0,0.0,0.0,0.0,0.0,0.005858,0.0,0.007882,0.0,0.002688,0.002894,0.0,0.0,0.0,0.0,0.0,0.0,0.0,0.0,0.0,0.004207,0.0,0.0,0.0,0.0,0.002583,0.0,0.0,0.0,0.004724,0.0,0.0,0.0,0.0,0.0,0.0,0.0,0.0,0.001663,0.0,0.0,0.0,0.003818,0.0,0.0,0.0,0.0,0.0,0.0,0.0,0.0,0.0,0.0,0.0,0.0,0.0,0.0,0.0,0.0,0.0,0.0,0.0,0.0,0.0
Glucosamine,0.002596,0.0,0.0,0.0,0.0,0.003548,0.0,0.001287,0.0,0.0,0.0,0.001648,0.0,0.0,0.0,0.0,0.0,0.0,0.0,0.0,0.0,0.002467,0.0,0.0,0.0,0.0,0.0,0.002142,0.0,0.0,0.0,0.0,0.0,0.0,0.0,0.0,0.0,0.0,0.0,0.0,0.008946,0.0,0.0,0.0,0.0,0.0,0.0,0.0,0.0,0.0,0.0,0.0,0.0,0.0,0.0,0.0,0.0,0.0,0.0,0.0,0.0,0.0,0.0,0.0,0.0,0.0,0.0,0.0,0.0,0.0,0.003199,0.0,0.0,0.0,0.003017,0.0,0.0,0.0,0.0,0.0,0.0,0.005436,0.0,0.0,0.0,0.0,0.0,0.0,0.005237,0.004163,0.0,0.0,0.0,0.0,0.0,0.0,0.003551,0.0,0.0,0.0
Glucuronic_acid,0.0,0.004522,0.005763,0.0,0.0,0.0,0.0,0.0,0.0,0.004887,0.0,0.0,0.0,0.0,0.0,0.0,0.0,0.0,0.0,0.0,0.0,0.0,0.0,0.0,0.0,0.004691,0.0,0.0,0.0,0.0,0.0,0.0,0.0,0.0,0.0,0.0,0.0,0.003637,0.0,0.0,0.0,0.0,0.0,0.0,0.0,0.0,0.0,0.0,0.0,0.0,0.0,0.0,0.0,0.0,0.0,0.004882,0.0,0.0,0.0,0.0,0.0,0.0,0.004308,0.0,0.0,0.0,0.0,0.0,0.0,0.0,0.004869,0.0,0.0,0.0,0.0,0.0,0.0,0.0,0.0,0.0,0.0,0.0,0.0,0.0,0.0,0.0,0.0,0.0,0.0,0.0,0.0,0.0,0.0,0.0,0.0,0.0,0.005082,0.0,0.0,0.0
Glutaric_acid,0.003975,0.0,0.0,0.0,0.0,0.0,0.0,0.0,0.004366,0.0,0.0,0.0,0.005642,0.0,0.0,0.0,0.0,0.0,0.0,0.0,0.0,0.003121,0.0,0.0,0.0,0.005664,0.0,0.0,0.0,0.0,0.0,0.0,0.0,0.0,0.0,0.0,0.0,0.0,0.0,0.0,0.004846,0.0,0.0,0.0,0.003955,0.0,0.0,0.0,0.0,0.0,0.004407,0.005456,0.0,0.0,0.0,0.0,0.0,0.0,0.0,0.0,0.0,0.0,0.0,0.0,0.0,0.0,0.0,0.0,0.0,0.0,0.0,0.0,0.0,0.0,0.0,0.0,0.0,0.0,0.0,0.0,0.0,0.0,0.0,0.0,0.0,0.003624,0.0,0.0,0.0,0.0,0.0,0.0,0.0,0.0,0.0,0.0,0.0,0.0,0.0,0.0
Glycolic_acid,0.0,0.0,0.0,0.0,0.0,0.0,0.0,0.0,0.0,0.0,0.0,0.007078,0.0,0.0,0.0,0.0,0.0,0.0,0.0,0.0,0.0,0.0,0.0,0.0,0.0,0.0,0.0,0.0,0.0,0.0,0.0,0.0,0.0,0.0,0.007202,0.0,0.0,0.0,0.0,0.0,0.0,0.0,0.0,0.0,0.0,0.0,0.0,0.0,0.0,0.0,0.0,0.00729,0.0,0.0,0.0,0.0,0.0,0.0,0.008307,0.0,0.0,0.0,0.0,0.0,0.0,0.0,0.0,0.0,0.0,0.0,0.0,0.0,0.0,0.0,0.0,0.0,0.0,0.00741,0.0,0.0,0.0,0.0,0.0,0.0,0.0,0.0,0.0,0.0,0.0,0.008568,0.0,0.0,0.0,0.0,0.0,0.0,0.0,0.0,0.0,0.0
Glycolide,0.008085,0.0,0.0,0.0,0.0,0.0,0.0,0.0,0.0,0.0,0.0,0.0,0.0,0.0,0.0,0.0,0.0,0.0,0.0,0.0,0.0,0.0,0.0,0.012341,0.0,0.0,0.0,0.0,0.0,0.006695,0.0,0.0,0.005776,0.007542,0.0,0.0,0.0,0.0,0.0,0.0,0.0,0.0,0.0,0.0,0.0,0.0,0.0,0.0,0.0,0.0,0.0,0.0,0.0,0.0,0.0,0.0,0.0,0.007751,0.0,0.0,0.0,0.0,0.0,0.0,0.0,0.0,0.0,0.0,0.0,0.004393,0.0,0.0,0.0,0.0,0.0,0.0,0.0,0.0,0.0,0.0,0.0,0.0,0.0,0.0,0.0,0.0,0.0,0.004229,0.0,0.0,0.0,0.0,0.0,0.0,0.0,0.0,0.0,0.0,0.0,0.0
Ibuprofen,0.002897,0.0,0.0,0.0,0.0,0.003239,0.0,0.0,0.0,0.0,0.0,0.0,0.0,0.0,0.0,0.003354,0.0,0.0,0.0,0.0,0.003509,0.002121,0.0,0.0,0.0,0.0,0.0,0.0033,0.0,0.0,0.0,0.0,0.0,0.0,0.0,0.0,0.0,0.003659,0.0,0.0,0.0,0.0,0.0,0.0,0.0,0.004024,0.0,0.0,0.0,0.0,0.0,0.0,0.000612,0.003643,0.0,0.0,0.0,0.0,0.0,0.003422,0.0,0.0,0.003469,0.0,0.0,0.0,0.00343,0.0,0.0,0.004065,0.0,0.0,0.0,0.0,0.00365,0.0,0.0,0.0,0.003341,0.0,0.0,0.0,0.0,0.0,0.002586,0.0,0.0,0.0,0.0,0.0,0.0,0.003023,0.0,0.0,0.002779,0.0,0.0,0.0,0.0,0.0
L-Lactic_acid,0.0,0.00731,0.0,0.008967,0.0,0.0,0.0,0.0,0.0,0.0,0.0,0.00444,0.0,0.0,0.0,0.0,0.0,0.005863,0.0,0.0,0.0,0.0,0.0,0.0,0.0,0.0,0.0,0.0,0.0,0.006368,0.0,0.0,0.0,0.0,0.0,0.0,0.0,0.0,0.0,0.0,0.0,0.0,0.0,0.0,0.0,0.0,0.0,0.0,0.0,0.0,0.0,0.0,0.0,0.0,0.0,0.0,0.0,0.008636,0.0,0.0,0.0,0.0,0.0,0.0,0.0,0.0,0.0,0.0,0.0,0.0,0.0,0.0,0.0,0.0,0.0,0.0,0.0,0.0,0.0,0.0,0.0,0.0,0.0,0.0,0.0,0.0,0.0,0.0,0.0,0.0,0.0,0.0,0.0,0.009161,0.0,0.0,0.0,0.0,0.0,0.0
L-Lactide,0.0,0.0,0.005682,0.0,0.0,0.005916,0.0,0.0,0.0,0.0,0.005616,0.0,0.003564,0.0,0.0,0.0,0.0,0.0,0.0,0.0,0.0,0.0,0.0,0.0,0.0,0.0,0.0,0.0,0.0,0.0,0.0,0.0,0.0,0.0,0.0,0.0,0.004115,0.0,0.0,0.0,0.0,0.0,0.0,0.006114,0.0,0.0,0.0,0.0,0.0,0.0,0.0,0.0,0.0,0.0,0.0,0.0,0.0,0.0,0.0,0.0,0.0,0.0,0.0,0.0,0.0,0.0,0.0,0.0,0.0,0.0,0.0,0.0,0.005975,0.0,0.0,0.0,0.0,0.0,0.0,0.004936,0.0,0.0,0.0,0.0,0.0,0.0,0.0,0.0,0.0,0.0,0.0,0.0,0.0,0.0,0.0,0.0,0.0,0.0,0.0,0.0
Lactic_acid_dimer,0.0,0.0,0.0,0.0,0.0,0.0,0.0,0.002881,0.0,0.0,0.0,0.0,0.0,0.0,0.0,0.0,0.0,0.0,0.0,0.0,0.004692,0.0,0.0,0.0,0.0,0.0,0.0,0.0,0.0,0.0,0.0,0.0,0.0,0.0,0.0,0.0,0.0,0.0,0.0,0.0,0.003983,0.0,0.0,0.0,0.006275,0.0,0.0,0.0,0.0,0.004817,0.0,0.0,0.003966,0.0,0.0,0.0,0.0,0.0,0.0,0.004948,0.0,0.0,0.0,0.0,0.0,0.0,0.0,0.0,0.0,0.0,0.0,0.0,0.005725,0.0,0.0,0.0,0.0,0.0,0.0,0.0,0.0,0.0,0.0,0.0,0.0,0.0,0.0,0.0,0.00445,0.0,0.0,0.0,0.0,0.0,0.0,0.0,0.0,0.0,0.00368,0.0
Lactic_acid_trimer,0.003273,0.003155,0.002815,0.0,0.0,0.0,0.00053,0.0,0.0,0.0,0.0,0.0,0.0,0.0,0.0,0.0,0.0,0.0,0.002767,0.0,0.0,0.0,0.0,0.0,0.0,0.0,0.002818,0.0,0.002942,0.0,0.0,0.0,0.0,0.0,0.0,0.0,0.0,0.0,0.0,0.0,0.0,0.0,0.0,0.0,0.0,0.0,0.0,0.0,0.0,0.003531,0.0,0.0,0.0,0.0,0.0,0.0,0.002164,0.009222,0.0,0.0,0.0,0.0,0.0,0.0,0.0,0.003339,0.0,0.0,0.0,0.0,0.0,0.0,0.0,0.0,0.0,0.0,0.002676,0.0,0.0,0.0,0.0,0.0,0.0,0.0,0.0,0.0,0.0,0.0,0.002911,0.0,0.0,0.0,0.003369,0.0,0.003247,0.0,0.0,0.0,0.0,0.0
Methotrexate,0.0,0.0,0.0,0.0,0.001433,0.0,0.0,0.0,0.0,0.0,0.0,0.0,0.0,0.0,0.0,0.001029,0.0,0.0,0.0,0.0,0.001196,0.0,0.0,0.000965,0.0,0.001317,0.0,0.0,0.0,0.0,0.0,0.0,0.0,0.001034,0.0,0.0,0.0,0.0,0.001885,0.0,0.001468,0.0,0.0,0.0,0.001024,0.0,0.0,0.0,0.001008,0.0,0.0,0.0,0.001342,0.0,0.0,0.0,0.0,0.0,0.0,0.0,0.0,0.001387,0.001959,0.0,0.0,0.001916,0.0,0.0,0.0,0.001333,0.0,0.0,0.0,0.0,0.0,0.0,0.0,0.0,0.001285,0.0,0.0,0.0,0.0,0.0,0.0,0.0,0.0,0.0,0.002225,0.0,0.0,0.001639,0.0,0.0,0.001502,0.0,0.0,0.0,0.0,0.0
Methyl_3-aminopropionate,0.0,0.0,0.0,0.0,0.0,0.0,0.0,0.0,0.0,0.0,0.0,0.0,0.0,0.012334,0.0,0.0,0.0,0.0,0.0,0.005264,0.0,0.0,0.0,0.0,0.0,0.0,0.0,0.0,0.0,0.0,0.0,0.0,0.0,0.0,0.0,0.0,0.0,0.0,0.0,0.0,0.0,0.0,0.0,0.005736,0.006628,0.0,0.0,0.0,0.0,0.0,0.0,0.0,0.0,0.0,0.0,0.0,0.005325,0.005847,0.0,0.0,0.0,0.0,0.0,0.0,0.0,0.0,0.0,0.0,0.0,0.0,0.0,0.0,0.0,0.005445,0.002942,0.0,0.0,0.0,0.0,0.0,0.0,0.0,0.0,0.0,0.0,0.0,0.0,0.0,0.0,0.0,0.0,0.0,0.0,0.0,0.0,0.0,0.0,0.001665,0.0,0.0
Methyl_acrylate,0.0,0.0,0.0,0.0,0.0,0.0,0.0,0.0,0.0,0.0,0.0,0.0,0.0052,0.0,0.0,0.0,0.0,0.0,0.006506,0.0,0.0,0.0,0.0,0.0,0.0,0.0,0.0,0.0,0.0,0.001548,0.0,0.0,0.0,0.0,0.0,0.0,0.0,0.007252,0.0,0.0,0.0,0.006464,0.0,0.0,0.0,0.0,0.0,0.0,0.0,0.0,0.0,0.0,0.0,0.0,0.0,0.0,0.0,0.0,0.0,0.0,0.0,0.004004,0.006617,0.0,0.0,0.0,0.0,0.0,0.0,0.0,0.0,0.0,0.0,0.0,0.0,0.0,0.0,0.0,0.0,0.0,0.0,0.0,0.0,0.0,0.0,0.0,0.0,0.0,0.0,0.0,0.0,0.0,0.0,0.0,0.0,0.0,0.0,0.0,0.0,0.0
Methyl_methacrylate,0.0,0.0,0.005801,0.0,0.003953,0.0,0.0,0.0,0.002749,0.0,0.0,0.0,0.007127,0.0,0.0,0.0,0.0,0.0,0.0,0.0,0.0,0.0,0.0,0.0,0.0,0.0,0.005413,0.0,0.0,0.00549,0.0,0.0,0.0,0.0,0.0,0.0,0.0,0.0,0.0,0.0,0.0,0.0,0.0,0.0,0.0,0.0,0.0,0.0,0.0,0.0,0.0,0.0,0.006446,0.005908,0.0,0.0,0.0,0.0,0.0,0.0,0.0,0.0,0.0,0.0,0.0,0.0,0.0,0.0,0.0,0.0,0.0,0.0,0.0,0.0,0.0,0.0,0.0,0.0,0.0,0.0,0.0,0.006721,0.0,0.0,0.0,0.0,0.0,0.0,0.0,0.0,0.0071,0.0,0.0,0.0,0.0,0.0,0.0,0.0,0.0,0.0
Methylamine,0.0,0.0,0.0,0.0,0.0,0.0,0.0,0.0,0.0,0.0,0.0,0.0,0.0,0.0,0.0,0.0,0.0,0.0,0.0,0.0,0.0,0.012434,0.0,0.0,0.0,0.0,0.0,0.0,0.0,0.0,0.0,0.0,0.0,0.009119,0.0,0.0,0.0,0.0,0.012474,0.0,0.0,0.0,0.0,0.0,0.0,0.0,0.0,0.0,0.0,0.0,0.0,0.0,0.0,0.0,0.0,0.0,0.0,0.0,0.0,0.0,0.0,0.0,0.0,0.0,0.0,0.0,0.0,0.0,0.0,0.0,0.0,0.0,0.0,0.005687,0.010761,0.0,0.0,0.013137,0.0,0.0,0.0,0.0,0.0,0.0,0.0,0.0,0.0,0.0,0.0,0.0,0.0,0.0,0.0,0.0,0.0,0.0,0.0,0.0,0.0,0.0
N-Acetylglucosamine,0.0,0.0,0.0,0.0,0.0,0.0,0.0,0.0,0.0,0.0,0.00334,0.0,0.0,0.0,0.0,0.0,0.0,0.0,0.0,0.0,0.0,0.0,0.0,0.0,0.0,0.0,0.0,0.0,0.006769,0.0,0.0,0.0,0.0,0.0,0.0,0.0,0.0,0.0,0.003362,0.0,0.0,0.003187,0.0,0.0,0.0,0.0,0.0,0.003002,0.0,0.0,0.0,0.0,0.0,0.0,0.0,0.0,0.0,0.0,0.0,0.0,0.0,0.0,0.0,0.0,0.0,0.0,0.0,0.003495,0.0,0.0,0.0,0.0,0.0,0.0,0.0,0.0,0.0,0.0,0.002368,0.0,0.0,0.0,0.0,0.0,0.0,0.0,0.0,0.0,0.001904,0.0,0.0,0.0,0.003377,0.0,0.002957,0.003638,0.0,0.0,0.0,0.0
N-Acetylneuraminic_acid,0.0,0.0,0.0,0.0,0.0,0.0,0.0,0.0,0.0,0.0,0.0,0.0,0.0,0.001147,0.0,0.0,0.0,0.0,0.0,0.0,0.0,0.0,0.001594,0.0,0.002335,0.0,0.0,0.0,0.0,0.0,0.0,0.000815,0.0,0.0,0.0,0.0,0.0,0.0,0.0,0.0,0.0,0.0,0.0,0.0,0.0,0.0,0.0,0.0,0.0,0.0,0.0,0.0,0.0,0.0,0.0,0.0,0.0,0.0,0.0,0.0,0.0,0.0,0.001935,0.0,0.0,0.0,0.0,0.0,0.0,0.0,0.0,0.0,0.0,0.0,0.001545,0.0,0.0,0.0,0.0,0.0,0.0,0.0,0.0,0.0,0.0,0.0,0.0,0.0,0.0,0.0,0.0,0.0,0.0,0.0,0.0,0.0,0.0,0.0,0.0,0.0
Paclitaxel,0.000269,0.0,0.0,0.0,0.001153,0.0,0.0,0.000932,0.0,0.000961,0.001038,0.0,0.001449,0.000852,0.001129,0.0,0.0,0.0,0.0,0.0,0.0,0.001345,0.001075,0.0,0.001122,0.0,0.0,0.0,0.0,0.0,0.0,0.0,0.002043,0.0,0.001134,0.0,0.0,0.0,0.001177,0.001464,0.0,0.0,0.001409,0.0,0.0,0.0,0.0,0.000996,0.001396,0.001002,0.0,0.0,0.001098,0.001308,0.0,0.0,0.0,0.002418,0.0,0.000984,0.0,0.0,0.0,0.000961,0.000935,0.001883,0.0,0.001236,0.000959,0.0,0.000552,0.000389,0.0,0.0,0.0,0.0,0.0,0.0,0.0,0.001145,0.0,0.0,0.001698,0.0,0.0,0.0,0.0,0.0,0.001159,0.0,0.0,0.002794,0.0,0.0,0.0,0.0,0.003244,0.0,0.0,0.0
Pentaethylenehexamine,0.0,0.003217,0.0,0.0,0.005626,0.0,0.0,0.0,0.0,0.0,0.0,0.0,0.0,0.0,0.0,0.0,0.005583,0.0,0.0,0.0,0.0,0.0,0.0,0.0,0.0,0.0,0.0,0.002201,0.0,0.0,0.0,0.002019,0.0,0.00221,0.0,0.0,0.001307,0.003651,0.0,0.0,0.0,0.0,0.003743,0.002695,0.002824,0.0,0.0,0.0,0.0,0.0,0.0,0.0,0.0,0.0,0.0,0.0,0.0,0.0,0.0,0.0,0.0,0.0,0.0,0.0,0.0,0.002408,0.0,0.0,0.003507,0.0,0.0,0.0,0.002402,0.0,0.0,0.0,0.0,0.0,0.0,0.0,0.0,0.0,0.0,0.0,0.0,0.0,0.0,0.0,0.004785,0.0,0.0,0.0,0.0,0.0,0.00318,0.0,0.002148,0.0,0.001124,0.0
Sirolimus,0.001121,0.001826,0.0,0.0,0.0,0.0,0.0,0.00093,0.00093,0.0,0.0,0.0,0.0,0.001117,0.000797,0.0,0.0,0.0,0.0,0.0,0.0,0.00216,0.0,0.0,0.0,0.0012,0.0,0.0,0.0,0.0,0.001679,0.0,0.0,0.0,0.001842,0.001741,0.00104,0.0,0.0,0.001081,0.0,0.000966,0.0,0.0,0.000849,0.0,0.002144,0.0,0.00082,0.0,0.0,0.000693,0.002067,0.0,0.000784,0.001178,0.0,0.0,0.0,0.0,0.000586,0.0,0.001121,0.001067,0.0,0.000746,0.000784,0.0,0.000566,0.0,0.000911,0.000898,0.002023,0.0,0.001787,0.0,0.0,0.0,0.0,0.0,0.0,0.001164,0.000611,0.0,0.0,0.0,0.0,0.00105,0.0,0.0,0.0,0.000969,0.0,0.0,0.000818,0.0,0.0,0.0,0.000603,0.000467
Succinic_acid,0.0,0.0,0.0,0.0,0.006468,0.0,0.0,0.0,0.0,0.0,0.0,0.0,0.0,0.0,0.0,0.0,0.0,0.0,0.0,0.0,0.0,0.0,0.0,0.0,0.000192,0.0,0.0,0.0,0.0,0.0,0.0,0.0,0.0,0.0,0.0,0.0,0.0,0.0,0.0,0.0,0.0,0.0,0.006761,0.0,0.0,0.0,0.0,0.0,0.0,0.004204,0.0,0.0,0.0,0.0,0.0,0.0,0.0,0.006016,0.0,0.0,0.0,0.0,0.0,0.0,0.0,0.00582,0.0,0.0,0.0,0.0,0.0,0.0,0.0,0.0,0.0,0.0,0.0,0.0,0.0,0.007889,0.0,0.0,0.0,0.0,0.0,0.009203,0.004979,0.0,0.0,0.0,0.0,0.0,0.0,0.0,0.0,0.0,0.0,0.0,0.0,0.0
Tetraethylenepentamine,0.001632,0.0,0.0,0.0,0.0,0.003779,0.0,0.0,0.0,0.0,0.0,0.0,0.0,0.0,0.0,0.0,0.0,0.0,0.0,0.0,0.0,0.003093,0.0,0.0,0.0,0.004281,0.0,0.0,0.0,0.0,0.0,0.0,0.003992,0.0,0.003463,0.002762,0.001555,0.0,0.001659,0.0,0.0,0.0,0.0,0.003957,0.003416,0.0,0.0,0.0,0.0,0.0,0.0,0.002997,0.0,0.0,0.0,0.001412,0.0,0.003659,0.0,0.0,0.0,0.0,0.0,0.0,0.0,0.001964,0.0,0.0,0.0,0.0,0.0,0.0,0.0,0.0,0.0,0.002683,0.003532,0.0,0.0,0.0,0.0,0.0,0.0,0.0,0.0,0.0,0.0,0.0,0.0,0.002891,0.0,0.0,0.0,0.0,0.0,0.0,0.0,0.0,0.0,0.0
Triethylene_glycol,0.0,0.0,0.0,0.0,0.0,0.0,0.0,0.0,0.0,0.0,0.004047,0.003989,0.0,0.0,0.0,0.0,0.0,0.0,0.0,0.0,0.004035,0.0,0.0,0.0,0.0,0.0,0.004409,0.0,0.0,0.0,0.0,0.0,0.0,0.0,0.0,0.0,0.0,0.004354,0.0,0.0,0.0,0.0,0.0,0.0,0.0,0.0,0.0,0.0,0.0,0.0,0.0,0.0,0.003843,0.0,0.0,0.0,0.0,0.0,0.0,0.0,0.0,0.0,0.004301,0.0,0.0,0.0,0.0,0.0,0.0,0.0,0.0,0.0,0.0,0.003753,0.003183,0.0,0.0,0.0,0.0,0.0,0.0,0.0,0.0,0.0,0.0,0.0,0.0,0.0,0.0,0.004409,0.0,0.0,0.0,0.0,0.0,0.004166,0.0,0.0,0.0,0.0
Triethylenetetramine,0.0,0.0,0.00341,0.0,0.002872,0.003169,0.0,0.0,0.0,0.0,0.0,0.0,0.0,0.0,0.0,0.003251,0.0,0.0,0.0,0.0,0.0,0.0,0.0,0.0,0.0,0.0,0.0,0.0,0.003722,0.0,0.0,0.0,0.0,0.0,0.0,0.0,0.0,0.0,0.003933,0.0,0.0,0.002156,0.0,0.0,0.0,0.0,0.0,0.0,0.0,0.0,0.0,0.0,0.0,0.0,0.002969,0.0,0.0,0.003245,0.0,0.0,0.0,0.000914,0.0,0.0,0.0,0.0,0.0,0.0,0.007154,0.0,0.003781,0.0,0.003871,0.0,0.003675,0.0,0.0,0.0,0.0,0.0,0.0,0.0,0.0,0.0,0.0,0.0,0.0,0.0,0.0,0.0,0.0,0.0,0.003374,0.003038,0.00359,0.001884,0.0,0.0,0.003874,0.0
Tris(2-aminoethyl)amine,0.0,0.0,0.0,0.0,0.0,0.0,0.0,0.0,0.0,0.0,0.0,0.0,0.0,0.0,0.0,0.0,0.0,0.0,0.0,0.0,0.003468,0.0,0.0,0.0,0.0,0.0,0.0,0.0,0.00282,0.0,0.0,0.002874,0.0,0.0,0.0,0.0,0.0,0.0,0.0,0.0,0.0,0.0,0.00326,0.0,0.0,0.0,0.0,0.0,0.0,0.0,0.0,0.0,0.0,0.0,0.0,0.003209,0.0,0.003078,0.0,0.0,0.001669,0.0,0.0,0.0,0.0,0.0,0.0,0.0,0.004018,0.0,0.0,0.0,0.0,0.0,0.0,0.0,0.0,0.0,0.0,0.0,0.0,0.0,0.0,0.0,0.0,0.0,0.0,0.0,0.0,0.003869,0.0,0.003953,0.0,0.0,0.0,0.0,0.0,0.0,0.0,0.002813
epsilon-Caprolactone,0.003127,0.0,0.0,0.0,0.0,0.002545,0.0,0.0,0.0,0.0,0.0,0.0,0.0,0.0,0.0,0.0,0.0,0.0,0.0,0.0,0.0,0.005198,0.0,0.0,0.0,0.0,0.0,0.0,0.0,0.0,0.0,0.0,0.0,0.0,0.0,0.0,0.0,0.0,0.0,0.003375,0.0,0.0,0.0,0.0,0.00647,0.0,0.0,0.0,0.0,0.0,0.0,0.0,0.0,0.0,0.0,0.0,0.0,0.0,0.0,0.0,0.0,0.0,0.0,0.0,0.0,0.0,0.0,0.0,0.0,0.0,0.0,0.003905,0.0,0.0,0.0,0.0,0.005471,0.0,0.0,0.0,0.005953,0.0,0.0,0.0,0.0,0.0,0.0,0.0,0.0,0.0,0.0,0.0,0.0,0.0,0.0,0.0,0.0,0.0,0.0,0.0
